{"cameraMode":{"drawMode":0,"name":"Shaded","section":"Shading Mode"},"sceneLighting":false,"audioPlay":false,"sceneViewState":{"showFog":true,"showMaterialUpdate":false,"showSkybox":true,"showFlares":true,"showImageEffects":true,"showParticleSystems":true},"in2DMode":false,"pivot":{"x":0.14911724627017976,"y":506.61932373046877,"z":1.253273844718933},"rotation":{"x":0.037087857723236087,"y":-0.9598021507263184,"z":0.23214569687843324,"w":0.15333881974220277},"size":0.35545092821121218,"orthographic":false}